{"moves": ["DontMove", "RunToBall", "RunToPredictBall", "RunToDefensivePos", "RunToCloseDefensivePos"], "shoots": ["DontShoot", "ShootToGoal", "ShootToNearestAlly", "ShootToNearestAllyFarFromOpponent", "ShootToMoveToGoal", "StrongShootToGoal", "ShootToCornerFarFromOpp"], "q_tables": {"(1, 1)": {"q_table": {"((0, 0), (0, 0), (0, 0))": {"(0, 0)": 0, "(0, 1)": -1.1426715720796359, "(0, 2)": 0, "(0, 3)": 0, "(0, 4)": -0.9839758406897936, "(0, 5)": 0, "(0, 6)": -1.1426715720796359, "(1, 0)": 0, "(1, 1)": 0, "(1, 2)": -1.376117065362031, "(1, 3)": -0.5185648715669285, "(1, 4)": 0, "(1, 5)": 0, "(1, 6)": 0, "(2, 0)": -1.218617676574065, "(2, 1)": 0, "(2, 2)": 0, "(2, 3)": -1.4763412209223363, "(2, 4)": 0, "(2, 5)": 0, "(2, 6)": -1.2897871654385522, "(3, 0)": -0.5185648715669285, "(3, 1)": 0, "(3, 2)": -1.1739325306120434, "(3, 3)": 0, "(3, 4)": 0, "(3, 5)": 0, "(3, 6)": -1.4763412209223363, "(4, 0)": -1.1426715720796359, "(4, 1)": -1.2763099598837133, "(4, 2)": 0, "(4, 3)": -0.9839758406897936, "(4, 4)": 0, "(4, 5)": 0, "(4, 6)": 0}}, "counts": {"((0, 0), (0, 0), (0, 0))": {"(0, 0)": 0, "(0, 1)": 1, "(0, 2)": 0, "(0, 3)": 0, "(0, 4)": 2, "(0, 5)": 0, "(0, 6)": 1, "(1, 0)": 0, "(1, 1)": 0, "(1, 2)": 2, "(1, 3)": 1, "(1, 4)": 0, "(1, 5)": 0, "(1, 6)": 0, "(2, 0)": 3, "(2, 1)": 0, "(2, 2)": 0, "(2, 3)": 1, "(2, 4)": 0, "(2, 5)": 0, "(2, 6)": 2, "(3, 0)": 1, "(3, 1)": 0, "(3, 2)": 3, "(3, 3)": 0, "(3, 4)": 0, "(3, 5)": 0, "(3, 6)": 1, "(4, 0)": 1, "(4, 1)": 2, "(4, 2)": 0, "(4, 3)": 2, "(4, 4)": 0, "(4, 5)": 0, "(4, 6)": 0}}}}}